iso_code,supply,demand
1,5593.6,5003.066667
2,11481.6,11762.26667
3,11039.33333,10812.26667
4,14531.73333,15121.2
5,4692.866667,4203.666667
6,14938.6,15328