iso_code,supply,demand
1,3049.721333,2914.876
2,8853.475333,8427.906667
3,8756.113333,9680.552
4,12368.34267,11816.672
5,3781.625333,3527.084
6,11823.63933,12155.21267