iso_code,supply,demand
1,5489.666667,4909
2,10426.2,10857.66667
3,11614.53333,11217
4,15040.26667,14763
5,4477.533333,4472
6,14307.2,15278