iso_code,supply,demand
1,4858.333333,3654.8
2,9635.4,9739.133333
3,9814.466667,10156.86667
4,14084.33333,13931.26667
5,4179.066667,3572
6,13088.6,13647.26667