iso_code,supply,demand
1,4352.456667,4022
2,9639.248667,10382.78733
3,10227.02067,9885
4,13754.83733,13776
5,4371.406667,4314
6,13344.38867,14186