iso_code,supply,demand
1,2698.6,2546.054545
2,7221.710909,7351.665455
3,6596.678182,6838.350909
4,10110.03636,10387.87636
5,3322.901818,3224.027273
6,10090.62182,10585.98182