iso_code,supply,demand
1,2238.8,2159.418182
2,6975.436364,7162.254545
3,6603.254545,6995.109091
4,10023,10340.09091
5,3042.472727,2917.127273
6,9465.327273,9716.618182