iso_code,supply,demand
1,6483.466667,5533.733333
2,10360.6,10520.13333
3,11560.73333,11204.46667
4,15253,15741.26667
5,4740.866667,4559.066667
6,15002.66667,15209.33333