iso_code,supply,demand
1,2413.333333,2381
2,6997.733333,7092.066667
3,7215.2,7240.6
4,10403.46667,10999.46667
5,3435.333333,3500.933333
6,10711.4,11022.53333